Name,External ID,Control ID,Statement ID,Control Question
AC-1(a) Policy and Procedures,ac-1_smt.a,ac-1,ac-1_smt.a,"Develop, document, and disseminate to [organization-defined personnel or roles]: 1. [organization-level | mission/business process-level | system-level] access control policy that: (a) Addresses purpose, scope, roles, responsibilities, management commitment, coordination among organizational entities, and compliance; and (b) Is consistent with applicable laws, executive orders, directives, regulations, policies, standards, and guidelines; and 2. Procedures to facilitate the implementation of the access control policy and the associated access controls;"
AC-1(b) Policy and Procedures,ac-1_smt.b,ac-1,ac-1_smt.b,"Designate an [official] to manage the development, documentation, and dissemination of the access control policy and procedures; and"
AC-1(c) Policy and Procedures,ac-1_smt.c,ac-1,ac-1_smt.c,Review and update the current access control: 1. Policy [frequency] and following [events] ; and 2. Procedures [frequency] and following [events].
AC-2(a) Account Management,ac-2_smt.a,ac-2,ac-2_smt.a,Define and document the types of accounts allowed and specifically prohibited for use within the system;
AC-2(b) Account Management,ac-2_smt.b,ac-2,ac-2_smt.b,Assign account managers;
AC-2(c) Account Management,ac-2_smt.c,ac-2,ac-2_smt.c,Require [prerequisites and criteria] for group and role membership;
AC-2(d) Account Management,ac-2_smt.d,ac-2,ac-2_smt.d,"Specify: 1. Authorized users of the system; 2. Group and role membership; and 3. Access authorizations (i.e., privileges) and [attributes (as required)] for each account;"
AC-2(e) Account Management,ac-2_smt.e,ac-2,ac-2_smt.e,Require approvals by [personnel or roles] for requests to create accounts;
AC-2(f) Account Management,ac-2_smt.f,ac-2,ac-2_smt.f,"Create, enable, modify, disable, and remove accounts in accordance with [policy, procedures, prerequisites, and criteria];"
AC-2(g) Account Management,ac-2_smt.g,ac-2,ac-2_smt.g,Monitor the use of accounts;
AC-2(h) Account Management,ac-2_smt.h,ac-2,ac-2_smt.h,Notify account managers and [personnel or roles] within: 1. [time period] when accounts are no longer required; 2. [time period] when users are terminated or transferred; and 3. [time period] when system usage or need-to-know changes for an individual;
AC-2(i) Account Management,ac-2_smt.i,ac-2,ac-2_smt.i,Authorize access to the system based on: 1. A valid access authorization; 2. Intended system usage; and 3. [attributes (as required)];
AC-2(j) Account Management,ac-2_smt.j,ac-2,ac-2_smt.j,Review accounts for compliance with account management requirements [frequency];
AC-2(k) Account Management,ac-2_smt.k,ac-2,ac-2_smt.k,Establish and implement a process for changing shared or group account authenticators (if deployed) when individuals are removed from the group; and
AC-2(l) Account Management,ac-2_smt.l,ac-2,ac-2_smt.l,Align account management processes with personnel termination and transfer processes.
AC-3 Access Enforcement,ac-3,ac-3,,Enforce approved authorizations for logical access to information and system resources in accordance with applicable access control policies.
AC-7(a) Unsuccessful Logon Attempts,ac-7_smt.a,ac-7,ac-7_smt.a,Enforce a limit of [number] consecutive invalid logon attempts by a user during a [time period] ; and
AC-7(b) Unsuccessful Logon Attempts,ac-7_smt.b,ac-7,ac-7_smt.b,Automatically [lock the account or node for | lock the account or node until released by an administrator | delay next logon prompt per | notify system administrator | take other ] when the maximum number of unsuccessful attempts is exceeded.
AC-8(a) System Use Notification,ac-8_smt.a,ac-8,ac-8_smt.a,"Display [system use notification] to users before granting access to the system that provides privacy and security notices consistent with applicable laws, executive orders, directives, regulations, policies, standards, and guidelines and state that: 1. Users are accessing a U.S. Government system; 2. System usage may be monitored, recorded, and subject to audit; 3. Unauthorized use of the system is prohibited and subject to criminal and civil penalties; and 4. Use of the system indicates consent to monitoring and recording;"
AC-8(b) System Use Notification,ac-8_smt.b,ac-8,ac-8_smt.b,Retain the notification message or banner on the screen until users acknowledge the usage conditions and take explicit actions to log on to or further access the system; and
AC-8(c) System Use Notification,ac-8_smt.c,ac-8,ac-8_smt.c,"For publicly accessible systems: 1. Display system use information [conditions] , before granting further access to the publicly accessible system; 2. Display references, if any, to monitoring, recording, or auditing that are consistent with privacy accommodations for such systems that generally prohibit those activities; and 3. Include a description of the authorized uses of the system."
AC-14(a) Permitted Actions Without Identification or Authentication,ac-14_smt.a,ac-14,ac-14_smt.a,Identify [user actions] that can be performed on the system without identification or authentication consistent with organizational mission and business functions; and
AC-14(b) Permitted Actions Without Identification or Authentication,ac-14_smt.b,ac-14,ac-14_smt.b,"Document and provide supporting rationale in the security plan for the system, user actions not requiring identification or authentication."
AC-17(a) Remote Access,ac-17_smt.a,ac-17,ac-17_smt.a,"Establish and document usage restrictions, configuration/connection requirements, and implementation guidance for each type of remote access allowed; and"
AC-17(b) Remote Access,ac-17_smt.b,ac-17,ac-17_smt.b,Authorize each type of remote access to the system prior to allowing such connections.
AC-18(a) Wireless Access,ac-18_smt.a,ac-18,ac-18_smt.a,"Establish configuration requirements, connection requirements, and implementation guidance for each type of wireless access; and"
AC-18(b) Wireless Access,ac-18_smt.b,ac-18,ac-18_smt.b,Authorize each type of wireless access to the system prior to allowing such connections.
AC-19(a) Access Control for Mobile Devices,ac-19_smt.a,ac-19,ac-19_smt.a,"Establish configuration requirements, connection requirements, and implementation guidance for organization-controlled mobile devices, to include when such devices are outside of controlled areas; and"
AC-19(b) Access Control for Mobile Devices,ac-19_smt.b,ac-19,ac-19_smt.b,Authorize the connection of mobile devices to organizational systems.
AC-20(a) Use of External Systems,ac-20_smt.a,ac-20,ac-20_smt.a,"[establish | identify ] , consistent with the trust relationships established with other organizations owning, operating, and/or maintaining external systems, allowing authorized individuals to: 1. Access the system from external systems; and 2. Process, store, or transmit organization-controlled information using external systems; or"
AC-20(b) Use of External Systems,ac-20_smt.b,ac-20,ac-20_smt.b,Prohibit the use of [prohibited types of external systems].
AC-22(a) Publicly Accessible Content,ac-22_smt.a,ac-22,ac-22_smt.a,Designate individuals authorized to make information publicly accessible;
AC-22(b) Publicly Accessible Content,ac-22_smt.b,ac-22,ac-22_smt.b,Train authorized individuals to ensure that publicly accessible information does not contain nonpublic information;
AC-22(c) Publicly Accessible Content,ac-22_smt.c,ac-22,ac-22_smt.c,Review the proposed content of information prior to posting onto the publicly accessible system to ensure that nonpublic information is not included; and
AC-22(d) Publicly Accessible Content,ac-22_smt.d,ac-22,ac-22_smt.d,"Review the content on the publicly accessible system for nonpublic information [frequency] and remove such information, if discovered."
AT-1(a) Policy and Procedures,at-1_smt.a,at-1,at-1_smt.a,"Develop, document, and disseminate to [organization-defined personnel or roles]: 1. [organization-level | mission/business process-level | system-level] awareness and training policy that: (a) Addresses purpose, scope, roles, responsibilities, management commitment, coordination among organizational entities, and compliance; and (b) Is consistent with applicable laws, executive orders, directives, regulations, policies, standards, and guidelines; and 2. Procedures to facilitate the implementation of the awareness and training policy and the associated awareness and training controls;"
AT-1(b) Policy and Procedures,at-1_smt.b,at-1,at-1_smt.b,"Designate an [official] to manage the development, documentation, and dissemination of the awareness and training policy and procedures; and"
AT-1(c) Policy and Procedures,at-1_smt.c,at-1,at-1_smt.c,Review and update the current awareness and training: 1. Policy [frequency] and following [events] ; and 2. Procedures [frequency] and following [events].
AT-2(a) Literacy Training and Awareness,at-2_smt.a,at-2,at-2_smt.a,"Provide security and privacy literacy training to system users (including managers, senior executives, and contractors): 1. As part of initial training for new users and [organization-defined frequency] thereafter; and 2. When required by system changes or following [organization-defined events];"
AT-2(b) Literacy Training and Awareness,at-2_smt.b,at-2,at-2_smt.b,Employ the following techniques to increase the security and privacy awareness of system users [awareness techniques];
AT-2(c) Literacy Training and Awareness,at-2_smt.c,at-2,at-2_smt.c,Update literacy training and awareness content [frequency] and following [events] ; and
AT-2(d) Literacy Training and Awareness,at-2_smt.d,at-2,at-2_smt.d,Incorporate lessons learned from internal or external security incidents or breaches into literacy training and awareness techniques.
AT-2.2 Insider Threat,at-2.2,at-2.2,,Provide literacy training on recognizing and reporting potential indicators of insider threat.
AT-3(a) Role-based Training,at-3_smt.a,at-3,at-3_smt.a,"Provide role-based security and privacy training to personnel with the following roles and responsibilities: [organization-defined roles and responsibilities]: 1. Before authorizing access to the system, information, or performing assigned duties, and [frequency] thereafter; and 2. When required by system changes;"
AT-3(b) Role-based Training,at-3_smt.b,at-3,at-3_smt.b,Update role-based training content [frequency] and following [events] ; and
AT-3(c) Role-based Training,at-3_smt.c,at-3,at-3_smt.c,Incorporate lessons learned from internal or external security incidents or breaches into role-based training.
AT-4(a) Training Records,at-4_smt.a,at-4,at-4_smt.a,"Document and monitor information security and privacy training activities, including security and privacy awareness training and specific role-based security and privacy training; and"
AT-4(b) Training Records,at-4_smt.b,at-4,at-4_smt.b,Retain individual training records for [time period].
AU-1(a) Policy and Procedures,au-1_smt.a,au-1,au-1_smt.a,"Develop, document, and disseminate to [organization-defined personnel or roles]: 1. [organization-level | mission/business process-level | system-level] audit and accountability policy that: (a) Addresses purpose, scope, roles, responsibilities, management commitment, coordination among organizational entities, and compliance; and (b) Is consistent with applicable laws, executive orders, directives, regulations, policies, standards, and guidelines; and 2. Procedures to facilitate the implementation of the audit and accountability policy and the associated audit and accountability controls;"
AU-1(b) Policy and Procedures,au-1_smt.b,au-1,au-1_smt.b,"Designate an [official] to manage the development, documentation, and dissemination of the audit and accountability policy and procedures; and"
AU-1(c) Policy and Procedures,au-1_smt.c,au-1,au-1_smt.c,Review and update the current audit and accountability: 1. Policy [frequency] and following [events] ; and 2. Procedures [frequency] and following [events].
AU-2(a) Event Logging,au-2_smt.a,au-2,au-2_smt.a,Identify the types of events that the system is capable of logging in support of the audit function: [event types];
AU-2(b) Event Logging,au-2_smt.b,au-2,au-2_smt.b,Coordinate the event logging function with other organizational entities requiring audit-related information to guide and inform the selection criteria for events to be logged;
AU-2(c) Event Logging,au-2_smt.c,au-2,au-2_smt.c,Specify the following event types for logging within the system: [organization-defined event types (subset of the event types defined in ];
AU-2(d) Event Logging,au-2_smt.d,au-2,au-2_smt.d,Provide a rationale for why the event types selected for logging are deemed to be adequate to support after-the-fact investigations of incidents; and
AU-2(e) Event Logging,au-2_smt.e,au-2,au-2_smt.e,Review and update the event types selected for logging [frequency].
AU-3(a) Content of Audit Records,au-3_smt.a,au-3,au-3_smt.a,What type of event occurred;
AU-3(b) Content of Audit Records,au-3_smt.b,au-3,au-3_smt.b,When the event occurred;
AU-3(c) Content of Audit Records,au-3_smt.c,au-3,au-3_smt.c,Where the event occurred;
AU-3(d) Content of Audit Records,au-3_smt.d,au-3,au-3_smt.d,Source of the event;
AU-3(e) Content of Audit Records,au-3_smt.e,au-3,au-3_smt.e,Outcome of the event; and
AU-3(f) Content of Audit Records,au-3_smt.f,au-3,au-3_smt.f,"Identity of any individuals, subjects, or objects/entities associated with the event."
AU-4 Audit Log Storage Capacity,au-4,au-4,,Allocate audit log storage capacity to accommodate [audit log retention requirements].
AU-5(a) Response to Audit Logging Process Failures,au-5_smt.a,au-5,au-5_smt.a,Alert [personnel or roles] within [time period] in the event of an audit logging process failure; and
AU-5(b) Response to Audit Logging Process Failures,au-5_smt.b,au-5,au-5_smt.b,Take the following additional actions: [additional actions].
"AU-6(a) Audit Record Review, Analysis, and Reporting",au-6_smt.a,au-6,au-6_smt.a,Review and analyze system audit records [frequency] for indications of [inappropriate or unusual activity] and the potential impact of the inappropriate or unusual activity;
"AU-6(b) Audit Record Review, Analysis, and Reporting",au-6_smt.b,au-6,au-6_smt.b,Report findings to [personnel or roles] ; and
"AU-6(c) Audit Record Review, Analysis, and Reporting",au-6_smt.c,au-6,au-6_smt.c,"Adjust the level of audit record review, analysis, and reporting within the system when there is a change in risk based on law enforcement information, intelligence information, or other credible sources of information."
AU-8(a) Time Stamps,au-8_smt.a,au-8,au-8_smt.a,Use internal system clocks to generate time stamps for audit records; and
AU-8(b) Time Stamps,au-8_smt.b,au-8,au-8_smt.b,"Record time stamps for audit records that meet [granularity of time measurement] and that use Coordinated Universal Time, have a fixed local time offset from Coordinated Universal Time, or that include the local time offset as part of the time stamp."
AU-9(a) Protection of Audit Information,au-9_smt.a,au-9,au-9_smt.a,"Protect audit information and audit logging tools from unauthorized access, modification, and deletion; and"
AU-9(b) Protection of Audit Information,au-9_smt.b,au-9,au-9_smt.b,"Alert [personnel or roles] upon detection of unauthorized access, modification, or deletion of audit information."
AU-11 Audit Record Retention,au-11,au-11,,Retain audit records for [time period] to provide support for after-the-fact investigations of incidents and to meet regulatory and organizational information retention requirements. Requirement: The service provider retains audit records on-line for at least ninety days and further preserves audit records off-line for a period that is in accordance with NARA requirements. Requirement: The service provider must support Agency requirements to comply with M-21-31 (https://www.whitehouse.gov/wp-content/uploads/2021/08/M-21-31-Improving-the-Federal-Governments-Investigative-and-Remediation-Capabilities-Related-to-Cybersecurity-Incidents.pdf)
AU-12(a) Audit Record Generation,au-12_smt.a,au-12,au-12_smt.a,Provide audit record generation capability for the event types the system is capable of auditing as defined in AU-2a on [system components];
AU-12(b) Audit Record Generation,au-12_smt.b,au-12,au-12_smt.b,Allow [personnel or roles] to select the event types that are to be logged by specific components of the system; and
AU-12(c) Audit Record Generation,au-12_smt.c,au-12,au-12_smt.c,Generate audit records for the event types defined in AU-2c that include the audit record content defined in AU-3.
CA-1(a) Policy and Procedures,ca-1_smt.a,ca-1,ca-1_smt.a,"Develop, document, and disseminate to [organization-defined personnel or roles]: 1. [organization-level | mission/business process-level | system-level] assessment, authorization, and monitoring policy that: (a) Addresses purpose, scope, roles, responsibilities, management commitment, coordination among organizational entities, and compliance; and (b) Is consistent with applicable laws, executive orders, directives, regulations, policies, standards, and guidelines; and 2. Procedures to facilitate the implementation of the assessment, authorization, and monitoring policy and the associated assessment, authorization, and monitoring controls;"
CA-1(b) Policy and Procedures,ca-1_smt.b,ca-1,ca-1_smt.b,"Designate an [official] to manage the development, documentation, and dissemination of the assessment, authorization, and monitoring policy and procedures; and"
CA-1(c) Policy and Procedures,ca-1_smt.c,ca-1,ca-1_smt.c,"Review and update the current assessment, authorization, and monitoring: 1. Policy [frequency] and following [events] ; and 2. Procedures [frequency] and following [events]."
CA-2(a) Control Assessments,ca-2_smt.a,ca-2,ca-2_smt.a,Select the appropriate assessor or assessment team for the type of assessment to be conducted;
CA-2(b) Control Assessments,ca-2_smt.b,ca-2,ca-2_smt.b,"Develop a control assessment plan that describes the scope of the assessment including: 1. Controls and control enhancements under assessment; 2. Assessment procedures to be used to determine control effectiveness; and 3. Assessment environment, assessment team, and assessment roles and responsibilities;"
CA-2(c) Control Assessments,ca-2_smt.c,ca-2,ca-2_smt.c,Ensure the control assessment plan is reviewed and approved by the authorizing official or designated representative prior to conducting the assessment;
CA-2(d) Control Assessments,ca-2_smt.d,ca-2,ca-2_smt.d,"Assess the controls in the system and its environment of operation [assessment frequency] to determine the extent to which the controls are implemented correctly, operating as intended, and producing the desired outcome with respect to meeting established security and privacy requirements;"
CA-2(e) Control Assessments,ca-2_smt.e,ca-2,ca-2_smt.e,Produce a control assessment report that document the results of the assessment; and
CA-2(f) Control Assessments,ca-2_smt.f,ca-2,ca-2_smt.f,Provide the results of the control assessment to [individuals or roles].
CA-2.1 Independent Assessors,ca-2.1,ca-2.1,,Employ independent assessors or assessment teams to conduct control assessments.
CA-3(a) Information Exchange,ca-3_smt.a,ca-3,ca-3_smt.a,Approve and manage the exchange of information between the system and other systems using [interconnection security agreements | information exchange security agreements | memoranda of understanding or agreement | service level agreements | user agreements | non-disclosure agreements | ];
CA-3(b) Information Exchange,ca-3_smt.b,ca-3,ca-3_smt.b,"Document, as part of each exchange agreement, the interface characteristics, security and privacy requirements, controls, and responsibilities for each system, and the impact level of the information communicated; and"
CA-3(c) Information Exchange,ca-3_smt.c,ca-3,ca-3_smt.c,Review and update the agreements [frequency].
CA-5(a) Plan of Action and Milestones,ca-5_smt.a,ca-5,ca-5_smt.a,Develop a plan of action and milestones for the system to document the planned remediation actions of the organization to correct weaknesses or deficiencies noted during the assessment of the controls and to reduce or eliminate known vulnerabilities in the system; and
CA-5(b) Plan of Action and Milestones,ca-5_smt.b,ca-5,ca-5_smt.b,"Update existing plan of action and milestones [frequency] based on the findings from control assessments, independent audits or reviews, and continuous monitoring activities."
CA-6(a) Authorization,ca-6_smt.a,ca-6,ca-6_smt.a,Assign a senior official as the authorizing official for the system;
CA-6(b) Authorization,ca-6_smt.b,ca-6,ca-6_smt.b,Assign a senior official as the authorizing official for common controls available for inheritance by organizational systems;
CA-6(c) Authorization,ca-6_smt.c,ca-6,ca-6_smt.c,"Ensure that the authorizing official for the system, before commencing operations: 1. Accepts the use of common controls inherited by the system; and 2. Authorizes the system to operate;"
CA-6(d) Authorization,ca-6_smt.d,ca-6,ca-6_smt.d,Ensure that the authorizing official for common controls authorizes the use of those controls for inheritance by organizational systems;
CA-6(e) Authorization,ca-6_smt.e,ca-6,ca-6_smt.e,Update the authorizations [frequency].
CA-7(a) Continuous Monitoring,ca-7_smt.a,ca-7,ca-7_smt.a,Establishing the following system-level metrics to be monitored: [system-level metrics];
CA-7(b) Continuous Monitoring,ca-7_smt.b,ca-7,ca-7_smt.b,Establishing [frequencies] for monitoring and [frequencies] for assessment of control effectiveness;
CA-7(c) Continuous Monitoring,ca-7_smt.c,ca-7,ca-7_smt.c,Ongoing control assessments in accordance with the continuous monitoring strategy;
CA-7(d) Continuous Monitoring,ca-7_smt.d,ca-7,ca-7_smt.d,Ongoing monitoring of system and organization-defined metrics in accordance with the continuous monitoring strategy;
CA-7(e) Continuous Monitoring,ca-7_smt.e,ca-7,ca-7_smt.e,Correlation and analysis of information generated by control assessments and monitoring;
CA-7(f) Continuous Monitoring,ca-7_smt.f,ca-7,ca-7_smt.f,Response actions to address results of the analysis of control assessment and monitoring information; and
CA-7(g) Continuous Monitoring,ca-7_smt.g,ca-7,ca-7_smt.g,Reporting the security and privacy status of the system to [organization-defined personnel or roles] [organization-defined frequency].
CA-7.4(a) Risk Monitoring,ca-7.4_smt.a,ca-7.4,ca-7.4_smt.a,Effectiveness monitoring;
CA-7.4(b) Risk Monitoring,ca-7.4_smt.b,ca-7.4,ca-7.4_smt.b,Compliance monitoring; and
CA-7.4(c) Risk Monitoring,ca-7.4_smt.c,ca-7.4,ca-7.4_smt.c,Change monitoring.
CA-8 Penetration Testing,ca-8,ca-8,,Conduct penetration testing [frequency] on [system(s) or system components].
CA-9(a) Internal System Connections,ca-9_smt.a,ca-9,ca-9_smt.a,Authorize internal connections of [system components] to the system;
CA-9(b) Internal System Connections,ca-9_smt.b,ca-9,ca-9_smt.b,"Document, for each internal connection, the interface characteristics, security and privacy requirements, and the nature of the information communicated;"
CA-9(c) Internal System Connections,ca-9_smt.c,ca-9,ca-9_smt.c,Terminate internal system connections after [conditions] ; and
CA-9(d) Internal System Connections,ca-9_smt.d,ca-9,ca-9_smt.d,Review [frequency] the continued need for each internal connection.
CM-1(a) Policy and Procedures,cm-1_smt.a,cm-1,cm-1_smt.a,"Develop, document, and disseminate to [organization-defined personnel or roles]: 1. [organization-level | mission/business process-level | system-level] configuration management policy that: (a) Addresses purpose, scope, roles, responsibilities, management commitment, coordination among organizational entities, and compliance; and (b) Is consistent with applicable laws, executive orders, directives, regulations, policies, standards, and guidelines; and 2. Procedures to facilitate the implementation of the configuration management policy and the associated configuration management controls;"
CM-1(b) Policy and Procedures,cm-1_smt.b,cm-1,cm-1_smt.b,"Designate an [official] to manage the development, documentation, and dissemination of the configuration management policy and procedures; and"
CM-1(c) Policy and Procedures,cm-1_smt.c,cm-1,cm-1_smt.c,Review and update the current configuration management: 1. Policy [frequency] and following [events] ; and 2. Procedures [frequency] and following [events].
CM-2(a) Baseline Configuration,cm-2_smt.a,cm-2,cm-2_smt.a,"Develop, document, and maintain under configuration control, a current baseline configuration of the system; and"
CM-2(b) Baseline Configuration,cm-2_smt.b,cm-2,cm-2_smt.b,Review and update the baseline configuration of the system: 1. [frequency]; 2. When required due to [circumstances] ; and 3. When system components are installed or upgraded.
CM-4 Impact Analyses,cm-4,cm-4,,Analyze changes to the system to determine potential security and privacy impacts prior to change implementation.
CM-5 Access Restrictions for Change,cm-5,cm-5,,"Define, document, approve, and enforce physical and logical access restrictions associated with changes to the system."
CM-6(a) Configuration Settings,cm-6_smt.a,cm-6,cm-6_smt.a,Establish and document configuration settings for components employed within the system that reflect the most restrictive mode consistent with operational requirements using [common secure configurations];
CM-6(b) Configuration Settings,cm-6_smt.b,cm-6,cm-6_smt.b,Implement the configuration settings;
CM-6(c) Configuration Settings,cm-6_smt.c,cm-6,cm-6_smt.c,"Identify, document, and approve any deviations from established configuration settings for [system components] based on [operational requirements] ; and"
CM-6(d) Configuration Settings,cm-6_smt.d,cm-6,cm-6_smt.d,Monitor and control changes to the configuration settings in accordance with organizational policies and procedures.
CM-7(a) Least Functionality,cm-7_smt.a,cm-7,cm-7_smt.a,Configure the system to provide only [mission-essential capabilities] ; and
CM-7(b) Least Functionality,cm-7_smt.b,cm-7,cm-7_smt.b,"Prohibit or restrict the use of the following functions, ports, protocols, software, and/or services: [organization-defined prohibited or restricted functions, system ports, protocols, software, and/or services]."
CM-8(a) System Component Inventory,cm-8_smt.a,cm-8,cm-8_smt.a,Develop and document an inventory of system components that: 1. Accurately reflects the system; 2. Includes all components within the system; 3. Does not include duplicate accounting of components or components assigned to any other system; 4. Is at the level of granularity deemed necessary for tracking and reporting; and 5. Includes the following information to achieve system component accountability: [information] ; and
CM-8(b) System Component Inventory,cm-8_smt.b,cm-8,cm-8_smt.b,Review and update the system component inventory [frequency].
CM-10(a) Software Usage Restrictions,cm-10_smt.a,cm-10,cm-10_smt.a,Use software and associated documentation in accordance with contract agreements and copyright laws;
CM-10(b) Software Usage Restrictions,cm-10_smt.b,cm-10,cm-10_smt.b,Track the use of software and associated documentation protected by quantity licenses to control copying and distribution; and
CM-10(c) Software Usage Restrictions,cm-10_smt.c,cm-10,cm-10_smt.c,"Control and document the use of peer-to-peer file sharing technology to ensure that this capability is not used for the unauthorized distribution, display, performance, or reproduction of copyrighted work."
CM-11(a) User-installed Software,cm-11_smt.a,cm-11,cm-11_smt.a,Establish [policies] governing the installation of software by users;
CM-11(b) User-installed Software,cm-11_smt.b,cm-11,cm-11_smt.b,Enforce software installation policies through the following methods: [methods] ; and
CM-11(c) User-installed Software,cm-11_smt.c,cm-11,cm-11_smt.c,Monitor policy compliance [frequency].
CP-1(a) Policy and Procedures,cp-1_smt.a,cp-1,cp-1_smt.a,"Develop, document, and disseminate to [organization-defined personnel or roles]: 1. [organization-level | mission/business process-level | system-level] contingency planning policy that: (a) Addresses purpose, scope, roles, responsibilities, management commitment, coordination among organizational entities, and compliance; and (b) Is consistent with applicable laws, executive orders, directives, regulations, policies, standards, and guidelines; and 2. Procedures to facilitate the implementation of the contingency planning policy and the associated contingency planning controls;"
CP-1(b) Policy and Procedures,cp-1_smt.b,cp-1,cp-1_smt.b,"Designate an [official] to manage the development, documentation, and dissemination of the contingency planning policy and procedures; and"
CP-1(c) Policy and Procedures,cp-1_smt.c,cp-1,cp-1_smt.c,Review and update the current contingency planning: 1. Policy [frequency] and following [events] ; and 2. Procedures [frequency] and following [events].
CP-2(a) Contingency Plan,cp-2_smt.a,cp-2,cp-2_smt.a,"Develop a contingency plan for the system that: 1. Identifies essential mission and business functions and associated contingency requirements; 2. Provides recovery objectives, restoration priorities, and metrics; 3. Addresses contingency roles, responsibilities, assigned individuals with contact information; 4. Addresses maintaining essential mission and business functions despite a system disruption, compromise, or failure; 5. Addresses eventual, full system restoration without deterioration of the controls originally planned and implemented; 6. Addresses the sharing of contingency information; and 7. Is reviewed and approved by [organization-defined personnel or roles];"
CP-2(b) Contingency Plan,cp-2_smt.b,cp-2,cp-2_smt.b,Distribute copies of the contingency plan to [organization-defined key contingency personnel (identified by name and/or by role) and organizational elements];
CP-2(c) Contingency Plan,cp-2_smt.c,cp-2,cp-2_smt.c,Coordinate contingency planning activities with incident handling activities;
CP-2(d) Contingency Plan,cp-2_smt.d,cp-2,cp-2_smt.d,Review the contingency plan for the system [frequency];
CP-2(e) Contingency Plan,cp-2_smt.e,cp-2,cp-2_smt.e,"Update the contingency plan to address changes to the organization, system, or environment of operation and problems encountered during contingency plan implementation, execution, or testing;"
CP-2(f) Contingency Plan,cp-2_smt.f,cp-2,cp-2_smt.f,Communicate contingency plan changes to [organization-defined key contingency personnel (identified by name and/or by role) and organizational elements];
CP-2(g) Contingency Plan,cp-2_smt.g,cp-2,cp-2_smt.g,"Incorporate lessons learned from contingency plan testing, training, or actual contingency activities into contingency testing and training; and"
CP-2(h) Contingency Plan,cp-2_smt.h,cp-2,cp-2_smt.h,Protect the contingency plan from unauthorized disclosure and modification.
CP-3(a) Contingency Training,cp-3_smt.a,cp-3,cp-3_smt.a,Provide contingency training to system users consistent with assigned roles and responsibilities: 1. Within [time period] of assuming a contingency role or responsibility; 2. When required by system changes; and 3. [frequency] thereafter; and
CP-3(b) Contingency Training,cp-3_smt.b,cp-3,cp-3_smt.b,Review and update contingency training content [frequency] and following [events].
CP-4(a) Contingency Plan Testing,cp-4_smt.a,cp-4,cp-4_smt.a,Test the contingency plan for the system [frequency] using the following tests to determine the effectiveness of the plan and the readiness to execute the plan: [organization-defined tests].
CP-4(b) Contingency Plan Testing,cp-4_smt.b,cp-4,cp-4_smt.b,Review the contingency plan test results; and
CP-4(c) Contingency Plan Testing,cp-4_smt.c,cp-4,cp-4_smt.c,"Initiate corrective actions, if needed."
CP-9(a) System Backup,cp-9_smt.a,cp-9,cp-9_smt.a,Conduct backups of user-level information contained in [system components] [frequency];
CP-9(b) System Backup,cp-9_smt.b,cp-9,cp-9_smt.b,Conduct backups of system-level information contained in the system [frequency];
CP-9(c) System Backup,cp-9_smt.c,cp-9,cp-9_smt.c,"Conduct backups of system documentation, including security- and privacy-related documentation [frequency] ; and"
CP-9(d) System Backup,cp-9_smt.d,cp-9,cp-9_smt.d,"Protect the confidentiality, integrity, and availability of backup information."
CP-10 System Recovery and Reconstitution,cp-10,cp-10,,"Provide for the recovery and reconstitution of the system to a known state within [organization-defined time period consistent with recovery time and recovery point objectives] after a disruption, compromise, or failure."
IA-1(a) Policy and Procedures,ia-1_smt.a,ia-1,ia-1_smt.a,"Develop, document, and disseminate to [organization-defined personnel or roles]: 1. [organization-level | mission/business process-level | system-level] identification and authentication policy that: (a) Addresses purpose, scope, roles, responsibilities, management commitment, coordination among organizational entities, and compliance; and (b) Is consistent with applicable laws, executive orders, directives, regulations, policies, standards, and guidelines; and 2. Procedures to facilitate the implementation of the identification and authentication policy and the associated identification and authentication controls;"
IA-1(b) Policy and Procedures,ia-1_smt.b,ia-1,ia-1_smt.b,"Designate an [official] to manage the development, documentation, and dissemination of the identification and authentication policy and procedures; and"
IA-1(c) Policy and Procedures,ia-1_smt.c,ia-1,ia-1_smt.c,Review and update the current identification and authentication: 1. Policy [frequency] and following [events] ; and 2. Procedures [frequency] and following [events].
IA-2 Identification and Authentication (Organizational Users),ia-2,ia-2,,"Uniquely identify and authenticate organizational users and associate that unique identification with processes acting on behalf of those users. Requirement: For all control enhancements that specify multifactor authentication, the implementation must adhere to the Digital Identity Guidelines specified in NIST Special Publication 800-63B. Requirement: Multi-factor authentication must be phishing-resistant."
IA-2.1 Multi-factor Authentication to Privileged Accounts,ia-2.1,ia-2.1,,"Implement multi-factor authentication for access to privileged accounts. Requirement: According to SP 800-63-3, SP 800-63A (IAL), SP 800-63B (AAL), and SP 800-63C (FAL). Requirement: Multi-factor authentication must be phishing-resistant."
IA-2.2 Multi-factor Authentication to Non-privileged Accounts,ia-2.2,ia-2.2,,"Implement multi-factor authentication for access to non-privileged accounts. Requirement: According to SP 800-63-3, SP 800-63A (IAL), SP 800-63B (AAL), and SP 800-63C (FAL). Requirement: Multi-factor authentication must be phishing-resistant."
IA-2.8 Access to Accounts — Replay Resistant,ia-2.8,ia-2.8,,Implement replay-resistant authentication mechanisms for access to [privileged accounts | non-privileged accounts].
IA-2.12 Acceptance of PIV Credentials,ia-2.12,ia-2.12,,Accept and electronically verify Personal Identity Verification-compliant credentials.
IA-4(a) Identifier Management,ia-4_smt.a,ia-4,ia-4_smt.a,"Receiving authorization from [personnel or roles] to assign an individual, group, role, service, or device identifier;"
IA-4(b) Identifier Management,ia-4_smt.b,ia-4,ia-4_smt.b,"Selecting an identifier that identifies an individual, group, role, service, or device;"
IA-4(c) Identifier Management,ia-4_smt.c,ia-4,ia-4_smt.c,"Assigning the identifier to the intended individual, group, role, service, or device; and"
IA-4(d) Identifier Management,ia-4_smt.d,ia-4,ia-4_smt.d,Preventing reuse of identifiers for [time period].
IA-5(a) Authenticator Management,ia-5_smt.a,ia-5,ia-5_smt.a,"Verifying, as part of the initial authenticator distribution, the identity of the individual, group, role, service, or device receiving the authenticator;"
IA-5(b) Authenticator Management,ia-5_smt.b,ia-5,ia-5_smt.b,Establishing initial authenticator content for any authenticators issued by the organization;
IA-5(c) Authenticator Management,ia-5_smt.c,ia-5,ia-5_smt.c,Ensuring that authenticators have sufficient strength of mechanism for their intended use;
IA-5(d) Authenticator Management,ia-5_smt.d,ia-5,ia-5_smt.d,"Establishing and implementing administrative procedures for initial authenticator distribution, for lost or compromised or damaged authenticators, and for revoking authenticators;"
IA-5(e) Authenticator Management,ia-5_smt.e,ia-5,ia-5_smt.e,Changing default authenticators prior to first use;
IA-5(f) Authenticator Management,ia-5_smt.f,ia-5,ia-5_smt.f,Changing or refreshing authenticators [time period by authenticator type] or when [events] occur;
IA-5(g) Authenticator Management,ia-5_smt.g,ia-5,ia-5_smt.g,Protecting authenticator content from unauthorized disclosure and modification;
IA-5(h) Authenticator Management,ia-5_smt.h,ia-5,ia-5_smt.h,"Requiring individuals to take, and having devices implement, specific controls to protect authenticators; and"
IA-5(i) Authenticator Management,ia-5_smt.i,ia-5,ia-5_smt.i,Changing authenticators for group or role accounts when membership to those accounts changes.
IA-5.1(a) Password-based Authentication,ia-5.1_smt.a,ia-5.1,ia-5.1_smt.a,"Maintain a list of commonly-used, expected, or compromised passwords and update the list [frequency] and when organizational passwords are suspected to have been compromised directly or indirectly;"
IA-5.1(b) Password-based Authentication,ia-5.1_smt.b,ia-5.1,ia-5.1_smt.b,"Verify, when users create or update passwords, that the passwords are not found on the list of commonly-used, expected, or compromised passwords in IA-5(1)(a);"
IA-5.1(c) Password-based Authentication,ia-5.1_smt.c,ia-5.1,ia-5.1_smt.c,Transmit passwords only over cryptographically-protected channels;
IA-5.1(d) Password-based Authentication,ia-5.1_smt.d,ia-5.1,ia-5.1_smt.d,"Store passwords using an approved salted key derivation function, preferably using a keyed hash;"
IA-5.1(e) Password-based Authentication,ia-5.1_smt.e,ia-5.1,ia-5.1_smt.e,Require immediate selection of a new password upon account recovery;
IA-5.1(f) Password-based Authentication,ia-5.1_smt.f,ia-5.1,ia-5.1_smt.f,"Allow user selection of long passwords and passphrases, including spaces and all printable characters;"
IA-5.1(g) Password-based Authentication,ia-5.1_smt.g,ia-5.1,ia-5.1_smt.g,Employ automated tools to assist the user in selecting strong password authenticators; and
IA-5.1(h) Password-based Authentication,ia-5.1_smt.h,ia-5.1,ia-5.1_smt.h,Enforce the following composition and complexity rules: [composition and complexity rules].
IA-6 Authentication Feedback,ia-6,ia-6,,Obscure feedback of authentication information during the authentication process to protect the information from possible exploitation and use by unauthorized individuals.
IA-7 Cryptographic Module Authentication,ia-7,ia-7,,"Implement mechanisms for authentication to a cryptographic module that meet the requirements of applicable laws, executive orders, directives, policies, regulations, standards, and guidelines for such authentication."
IA-8 Identification and Authentication (Non-organizational Users),ia-8,ia-8,,Uniquely identify and authenticate non-organizational users or processes acting on behalf of non-organizational users.
IA-8.1 Acceptance of PIV Credentials from Other Agencies,ia-8.1,ia-8.1,,Accept and electronically verify Personal Identity Verification-compliant credentials from other federal agencies.
IA-8.2(a) Acceptance of External Authenticators,ia-8.2_smt.a,ia-8.2,ia-8.2_smt.a,Accept only external authenticators that are NIST-compliant; and
IA-8.2(b) Acceptance of External Authenticators,ia-8.2_smt.b,ia-8.2,ia-8.2_smt.b,Document and maintain a list of accepted external authenticators.
IA-8.4 Use of Defined Profiles,ia-8.4,ia-8.4,,Conform to the following profiles for identity management [identity management profiles].
IA-11 Re-authentication,ia-11,ia-11,,Require users to re-authenticate when [circumstances or situations].
IR-1(a) Policy and Procedures,ir-1_smt.a,ir-1,ir-1_smt.a,"Develop, document, and disseminate to [organization-defined personnel or roles]: 1. [organization-level | mission/business process-level | system-level] incident response policy that: (a) Addresses purpose, scope, roles, responsibilities, management commitment, coordination among organizational entities, and compliance; and (b) Is consistent with applicable laws, executive orders, directives, regulations, policies, standards, and guidelines; and 2. Procedures to facilitate the implementation of the incident response policy and the associated incident response controls;"
IR-1(b) Policy and Procedures,ir-1_smt.b,ir-1,ir-1_smt.b,"Designate an [official] to manage the development, documentation, and dissemination of the incident response policy and procedures; and"
IR-1(c) Policy and Procedures,ir-1_smt.c,ir-1,ir-1_smt.c,Review and update the current incident response: 1. Policy [frequency] and following [events] ; and 2. Procedures [frequency] and following [events].
IR-2(a) Incident Response Training,ir-2_smt.a,ir-2,ir-2_smt.a,Provide incident response training to system users consistent with assigned roles and responsibilities: 1. Within [time period] of assuming an incident response role or responsibility or acquiring system access; 2. When required by system changes; and 3. [frequency] thereafter; and
IR-2(b) Incident Response Training,ir-2_smt.b,ir-2,ir-2_smt.b,Review and update incident response training content [frequency] and following [events].
IR-4(a) Incident Handling,ir-4_smt.a,ir-4,ir-4_smt.a,"Implement an incident handling capability for incidents that is consistent with the incident response plan and includes preparation, detection and analysis, containment, eradication, and recovery;"
IR-4(b) Incident Handling,ir-4_smt.b,ir-4,ir-4_smt.b,Coordinate incident handling activities with contingency planning activities;
IR-4(c) Incident Handling,ir-4_smt.c,ir-4,ir-4_smt.c,"Incorporate lessons learned from ongoing incident handling activities into incident response procedures, training, and testing, and implement the resulting changes accordingly; and"
IR-4(d) Incident Handling,ir-4_smt.d,ir-4,ir-4_smt.d,"Ensure the rigor, intensity, scope, and results of incident handling activities are comparable and predictable across the organization."
IR-5 Incident Monitoring,ir-5,ir-5,,Track and document incidents.
IR-6(a) Incident Reporting,ir-6_smt.a,ir-6,ir-6_smt.a,Require personnel to report suspected incidents to the organizational incident response capability within [time period] ; and
IR-6(b) Incident Reporting,ir-6_smt.b,ir-6,ir-6_smt.b,Report incident information to [authorities].
IR-7 Incident Response Assistance,ir-7,ir-7,,"Provide an incident response support resource, integral to the organizational incident response capability, that offers advice and assistance to users of the system for the handling and reporting of incidents."
IR-8(a) Incident Response Plan,ir-8_smt.a,ir-8,ir-8_smt.a,"Develop an incident response plan that: 1. Provides the organization with a roadmap for implementing its incident response capability; 2. Describes the structure and organization of the incident response capability; 3. Provides a high-level approach for how the incident response capability fits into the overall organization; 4. Meets the unique requirements of the organization, which relate to mission, size, structure, and functions; 5. Defines reportable incidents; 6. Provides metrics for measuring the incident response capability within the organization; 7. Defines the resources and management support needed to effectively maintain and mature an incident response capability; 8. Addresses the sharing of incident information; 9. Is reviewed and approved by [personnel or roles] [frequency] ; and 10. Explicitly designates responsibility for incident response to [entities, personnel, or roles]."
IR-8(b) Incident Response Plan,ir-8_smt.b,ir-8,ir-8_smt.b,Distribute copies of the incident response plan to [incident response personnel];
IR-8(c) Incident Response Plan,ir-8_smt.c,ir-8,ir-8_smt.c,"Update the incident response plan to address system and organizational changes or problems encountered during plan implementation, execution, or testing;"
IR-8(d) Incident Response Plan,ir-8_smt.d,ir-8,ir-8_smt.d,Communicate incident response plan changes to [organization-defined incident response personnel (identified by name and/or by role) and organizational elements] ; and
IR-8(e) Incident Response Plan,ir-8_smt.e,ir-8,ir-8_smt.e,Protect the incident response plan from unauthorized disclosure and modification.
MA-1(a) Policy and Procedures,ma-1_smt.a,ma-1,ma-1_smt.a,"Develop, document, and disseminate to [organization-defined personnel or roles]: 1. [organization-level | mission/business process-level | system-level] maintenance policy that: (a) Addresses purpose, scope, roles, responsibilities, management commitment, coordination among organizational entities, and compliance; and (b) Is consistent with applicable laws, executive orders, directives, regulations, policies, standards, and guidelines; and 2. Procedures to facilitate the implementation of the maintenance policy and the associated maintenance controls;"
MA-1(b) Policy and Procedures,ma-1_smt.b,ma-1,ma-1_smt.b,"Designate an [official] to manage the development, documentation, and dissemination of the maintenance policy and procedures; and"
MA-1(c) Policy and Procedures,ma-1_smt.c,ma-1,ma-1_smt.c,Review and update the current maintenance: 1. Policy [frequency] and following [events] ; and 2. Procedures [frequency] and following [events].
MA-2(a) Controlled Maintenance,ma-2_smt.a,ma-2,ma-2_smt.a,"Schedule, document, and review records of maintenance, repair, and replacement on system components in accordance with manufacturer or vendor specifications and/or organizational requirements;"
MA-2(b) Controlled Maintenance,ma-2_smt.b,ma-2,ma-2_smt.b,"Approve and monitor all maintenance activities, whether performed on site or remotely and whether the system or system components are serviced on site or removed to another location;"
MA-2(c) Controlled Maintenance,ma-2_smt.c,ma-2,ma-2_smt.c,"Require that [personnel or roles] explicitly approve the removal of the system or system components from organizational facilities for off-site maintenance, repair, or replacement;"
MA-2(d) Controlled Maintenance,ma-2_smt.d,ma-2,ma-2_smt.d,"Sanitize equipment to remove the following information from associated media prior to removal from organizational facilities for off-site maintenance, repair, or replacement: [information];"
MA-2(e) Controlled Maintenance,ma-2_smt.e,ma-2,ma-2_smt.e,"Check all potentially impacted controls to verify that the controls are still functioning properly following maintenance, repair, or replacement actions; and"
MA-2(f) Controlled Maintenance,ma-2_smt.f,ma-2,ma-2_smt.f,Include the following information in organizational maintenance records: [information].
MA-4(a) Nonlocal Maintenance,ma-4_smt.a,ma-4,ma-4_smt.a,Approve and monitor nonlocal maintenance and diagnostic activities;
MA-4(b) Nonlocal Maintenance,ma-4_smt.b,ma-4,ma-4_smt.b,Allow the use of nonlocal maintenance and diagnostic tools only as consistent with organizational policy and documented in the security plan for the system;
MA-4(c) Nonlocal Maintenance,ma-4_smt.c,ma-4,ma-4_smt.c,Employ strong authentication in the establishment of nonlocal maintenance and diagnostic sessions;
MA-4(d) Nonlocal Maintenance,ma-4_smt.d,ma-4,ma-4_smt.d,Maintain records for nonlocal maintenance and diagnostic activities; and
MA-4(e) Nonlocal Maintenance,ma-4_smt.e,ma-4,ma-4_smt.e,Terminate session and network connections when nonlocal maintenance is completed.
MA-5(a) Maintenance Personnel,ma-5_smt.a,ma-5,ma-5_smt.a,Establish a process for maintenance personnel authorization and maintain a list of authorized maintenance organizations or personnel;
MA-5(b) Maintenance Personnel,ma-5_smt.b,ma-5,ma-5_smt.b,Verify that non-escorted personnel performing maintenance on the system possess the required access authorizations; and
MA-5(c) Maintenance Personnel,ma-5_smt.c,ma-5,ma-5_smt.c,Designate organizational personnel with required access authorizations and technical competence to supervise the maintenance activities of personnel who do not possess the required access authorizations.
MP-1(a) Policy and Procedures,mp-1_smt.a,mp-1,mp-1_smt.a,"Develop, document, and disseminate to [organization-defined personnel or roles]: 1. [organization-level | mission/business process-level | system-level] media protection policy that: (a) Addresses purpose, scope, roles, responsibilities, management commitment, coordination among organizational entities, and compliance; and (b) Is consistent with applicable laws, executive orders, directives, regulations, policies, standards, and guidelines; and 2. Procedures to facilitate the implementation of the media protection policy and the associated media protection controls;"
MP-1(b) Policy and Procedures,mp-1_smt.b,mp-1,mp-1_smt.b,"Designate an [official] to manage the development, documentation, and dissemination of the media protection policy and procedures; and"
MP-1(c) Policy and Procedures,mp-1_smt.c,mp-1,mp-1_smt.c,Review and update the current media protection: 1. Policy [frequency] and following [events] ; and 2. Procedures [frequency] and following [events].
MP-2 Media Access,mp-2,mp-2,,Restrict access to [organization-defined types of digital and/or non-digital media] to [organization-defined personnel or roles].
MP-6(a) Media Sanitization,mp-6_smt.a,mp-6,mp-6_smt.a,"Sanitize [organization-defined system media] prior to disposal, release out of organizational control, or release for reuse using [organization-defined sanitization techniques and procedures] ; and"
MP-6(b) Media Sanitization,mp-6_smt.b,mp-6,mp-6_smt.b,Employ sanitization mechanisms with the strength and integrity commensurate with the security category or classification of the information.
MP-7(a) Media Use,mp-7_smt.a,mp-7,mp-7_smt.a,[restrict | prohibit] the use of [types of system media] on [systems or system components] using [controls] ; and
MP-7(b) Media Use,mp-7_smt.b,mp-7,mp-7_smt.b,Prohibit the use of portable storage devices in organizational systems when such devices have no identifiable owner.
PE-1(a) Policy and Procedures,pe-1_smt.a,pe-1,pe-1_smt.a,"Develop, document, and disseminate to [organization-defined personnel or roles]: 1. [organization-level | mission/business process-level | system-level] physical and environmental protection policy that: (a) Addresses purpose, scope, roles, responsibilities, management commitment, coordination among organizational entities, and compliance; and (b) Is consistent with applicable laws, executive orders, directives, regulations, policies, standards, and guidelines; and 2. Procedures to facilitate the implementation of the physical and environmental protection policy and the associated physical and environmental protection controls;"
PE-1(b) Policy and Procedures,pe-1_smt.b,pe-1,pe-1_smt.b,"Designate an [official] to manage the development, documentation, and dissemination of the physical and environmental protection policy and procedures; and"
PE-1(c) Policy and Procedures,pe-1_smt.c,pe-1,pe-1_smt.c,Review and update the current physical and environmental protection: 1. Policy [frequency] and following [events] ; and 2. Procedures [frequency] and following [events].
PE-2(a) Physical Access Authorizations,pe-2_smt.a,pe-2,pe-2_smt.a,"Develop, approve, and maintain a list of individuals with authorized access to the facility where the system resides;"
PE-2(b) Physical Access Authorizations,pe-2_smt.b,pe-2,pe-2_smt.b,Issue authorization credentials for facility access;
PE-2(c) Physical Access Authorizations,pe-2_smt.c,pe-2,pe-2_smt.c,Review the access list detailing authorized facility access by individuals [frequency] ; and
PE-2(d) Physical Access Authorizations,pe-2_smt.d,pe-2,pe-2_smt.d,Remove individuals from the facility access list when access is no longer required.
PE-3(a) Physical Access Control,pe-3_smt.a,pe-3,pe-3_smt.a,Enforce physical access authorizations at [entry and exit points] by: 1. Verifying individual access authorizations before granting access to the facility; and 2. Controlling ingress and egress to the facility using [ | guards];
PE-3(b) Physical Access Control,pe-3_smt.b,pe-3,pe-3_smt.b,Maintain physical access audit logs for [entry or exit points];
PE-3(c) Physical Access Control,pe-3_smt.c,pe-3,pe-3_smt.c,Control access to areas within the facility designated as publicly accessible by implementing the following controls: [physical access controls];
PE-3(d) Physical Access Control,pe-3_smt.d,pe-3,pe-3_smt.d,Escort visitors and control visitor activity [circumstances];
PE-3(e) Physical Access Control,pe-3_smt.e,pe-3,pe-3_smt.e,"Secure keys, combinations, and other physical access devices;"
PE-3(f) Physical Access Control,pe-3_smt.f,pe-3,pe-3_smt.f,Inventory [physical access devices] every [frequency] ; and
PE-3(g) Physical Access Control,pe-3_smt.g,pe-3,pe-3_smt.g,"Change combinations and keys [organization-defined frequency] and/or when keys are lost, combinations are compromised, or when individuals possessing the keys or combinations are transferred or terminated."
PE-6(a) Monitoring Physical Access,pe-6_smt.a,pe-6,pe-6_smt.a,Monitor physical access to the facility where the system resides to detect and respond to physical security incidents;
PE-6(b) Monitoring Physical Access,pe-6_smt.b,pe-6,pe-6_smt.b,Review physical access logs [frequency] and upon occurrence of [events] ; and
PE-6(c) Monitoring Physical Access,pe-6_smt.c,pe-6,pe-6_smt.c,Coordinate results of reviews and investigations with the organizational incident response capability.
PE-8(a) Visitor Access Records,pe-8_smt.a,pe-8,pe-8_smt.a,Maintain visitor access records to the facility where the system resides for [time period];
PE-8(b) Visitor Access Records,pe-8_smt.b,pe-8,pe-8_smt.b,Review visitor access records [frequency] ; and
PE-8(c) Visitor Access Records,pe-8_smt.c,pe-8,pe-8_smt.c,Report anomalies in visitor access records to [personnel].
PE-12 Emergency Lighting,pe-12,pe-12,,Employ and maintain automatic emergency lighting for the system that activates in the event of a power outage or disruption and that covers emergency exits and evacuation routes within the facility.
PE-13 Fire Protection,pe-13,pe-13,,Employ and maintain fire detection and suppression systems that are supported by an independent energy source.
PE-14(a) Environmental Controls,pe-14_smt.a,pe-14,pe-14_smt.a,Maintain [temperature | humidity | pressure | radiation | ] levels within the facility where the system resides at [acceptable levels] ; and
PE-14(b) Environmental Controls,pe-14_smt.b,pe-14,pe-14_smt.b,Monitor environmental control levels [frequency].
PE-15 Water Damage Protection,pe-15,pe-15,,"Protect the system from damage resulting from water leakage by providing master shutoff or isolation valves that are accessible, working properly, and known to key personnel."
PE-16(a) Delivery and Removal,pe-16_smt.a,pe-16,pe-16_smt.a,Authorize and control [organization-defined types of system components] entering and exiting the facility; and
PE-16(b) Delivery and Removal,pe-16_smt.b,pe-16,pe-16_smt.b,Maintain records of the system components.
PL-1(a) Policy and Procedures,pl-1_smt.a,pl-1,pl-1_smt.a,"Develop, document, and disseminate to [organization-defined personnel or roles]: 1. [organization-level | mission/business process-level | system-level] planning policy that: (a) Addresses purpose, scope, roles, responsibilities, management commitment, coordination among organizational entities, and compliance; and (b) Is consistent with applicable laws, executive orders, directives, regulations, policies, standards, and guidelines; and 2. Procedures to facilitate the implementation of the planning policy and the associated planning controls;"
PL-1(b) Policy and Procedures,pl-1_smt.b,pl-1,pl-1_smt.b,"Designate an [official] to manage the development, documentation, and dissemination of the planning policy and procedures; and"
PL-1(c) Policy and Procedures,pl-1_smt.c,pl-1,pl-1_smt.c,Review and update the current planning: 1. Policy [frequency] and following [events] ; and 2. Procedures [frequency] and following [events].
PL-2(a) System Security and Privacy Plans,pl-2_smt.a,pl-2,pl-2_smt.a,"Develop security and privacy plans for the system that: 1. Are consistent with the organization’s enterprise architecture; 2. Explicitly define the constituent system components; 3. Describe the operational context of the system in terms of mission and business processes; 4. Identify the individuals that fulfill system roles and responsibilities; 5. Identify the information types processed, stored, and transmitted by the system; 6. Provide the security categorization of the system, including supporting rationale; 7. Describe any specific threats to the system that are of concern to the organization; 8. Provide the results of a privacy risk assessment for systems processing personally identifiable information; 9. Describe the operational environment for the system and any dependencies on or connections to other systems or system components; 10. Provide an overview of the security and privacy requirements for the system; 11. Identify any relevant control baselines or overlays, if applicable; 12. Describe the controls in place or planned for meeting the security and privacy requirements, including a rationale for any tailoring decisions; 13. Include risk determinations for security and privacy architecture and design decisions; 14. Include security- and privacy-related activities affecting the system that require planning and coordination with [individuals or groups] ; and 15. Are reviewed and approved by the authorizing official or designated representative prior to plan implementation."
PL-2(b) System Security and Privacy Plans,pl-2_smt.b,pl-2,pl-2_smt.b,Distribute copies of the plans and communicate subsequent changes to the plans to [personnel or roles];
PL-2(c) System Security and Privacy Plans,pl-2_smt.c,pl-2,pl-2_smt.c,Review the plans [frequency];
PL-2(d) System Security and Privacy Plans,pl-2_smt.d,pl-2,pl-2_smt.d,Update the plans to address changes to the system and environment of operation or problems identified during plan implementation or control assessments; and
PL-2(e) System Security and Privacy Plans,pl-2_smt.e,pl-2,pl-2_smt.e,Protect the plans from unauthorized disclosure and modification.
PL-4(a) Rules of Behavior,pl-4_smt.a,pl-4,pl-4_smt.a,"Establish and provide to individuals requiring access to the system, the rules that describe their responsibilities and expected behavior for information and system usage, security, and privacy;"
PL-4(b) Rules of Behavior,pl-4_smt.b,pl-4,pl-4_smt.b,"Receive a documented acknowledgment from such individuals, indicating that they have read, understand, and agree to abide by the rules of behavior, before authorizing access to information and the system;"
PL-4(c) Rules of Behavior,pl-4_smt.c,pl-4,pl-4_smt.c,Review and update the rules of behavior [frequency] ; and
PL-4(d) Rules of Behavior,pl-4_smt.d,pl-4,pl-4_smt.d,Require individuals who have acknowledged a previous version of the rules of behavior to read and re-acknowledge [ | when the rules are revised or updated].
PL-4.1(a) Social Media and External Site/Application Usage Restrictions,pl-4.1_smt.a,pl-4.1,pl-4.1_smt.a,"Use of social media, social networking sites, and external sites/applications;"
PL-4.1(b) Social Media and External Site/Application Usage Restrictions,pl-4.1_smt.b,pl-4.1,pl-4.1_smt.b,Posting organizational information on public websites; and
PL-4.1(c) Social Media and External Site/Application Usage Restrictions,pl-4.1_smt.c,pl-4.1,pl-4.1_smt.c,"Use of organization-provided identifiers (e.g., email addresses) and authentication secrets (e.g., passwords) for creating accounts on external sites/applications."
PL-8(a) Security and Privacy Architectures,pl-8_smt.a,pl-8,pl-8_smt.a,"Develop security and privacy architectures for the system that: 1. Describe the requirements and approach to be taken for protecting the confidentiality, integrity, and availability of organizational information; 2. Describe the requirements and approach to be taken for processing personally identifiable information to minimize privacy risk to individuals; 3. Describe how the architectures are integrated into and support the enterprise architecture; and 4. Describe any assumptions about, and dependencies on, external systems and services;"
PL-8(b) Security and Privacy Architectures,pl-8_smt.b,pl-8,pl-8_smt.b,Review and update the architectures [frequency] to reflect changes in the enterprise architecture; and
PL-8(c) Security and Privacy Architectures,pl-8_smt.c,pl-8,pl-8_smt.c,"Reflect planned architecture changes in security and privacy plans, Concept of Operations (CONOPS), criticality analysis, organizational procedures, and procurements and acquisitions."
PL-10 Baseline Selection,pl-10,pl-10,,Select a control baseline for the system. Requirement: Select the appropriate FedRAMP Baseline
PL-11 Baseline Tailoring,pl-11,pl-11,,Tailor the selected control baseline by applying specified tailoring actions.
PS-1(a) Policy and Procedures,ps-1_smt.a,ps-1,ps-1_smt.a,"Develop, document, and disseminate to [organization-defined personnel or roles]: 1. [organization-level | mission/business process-level | system-level] personnel security policy that: (a) Addresses purpose, scope, roles, responsibilities, management commitment, coordination among organizational entities, and compliance; and (b) Is consistent with applicable laws, executive orders, directives, regulations, policies, standards, and guidelines; and 2. Procedures to facilitate the implementation of the personnel security policy and the associated personnel security controls;"
PS-1(b) Policy and Procedures,ps-1_smt.b,ps-1,ps-1_smt.b,"Designate an [official] to manage the development, documentation, and dissemination of the personnel security policy and procedures; and"
PS-1(c) Policy and Procedures,ps-1_smt.c,ps-1,ps-1_smt.c,Review and update the current personnel security: 1. Policy [frequency] and following [events] ; and 2. Procedures [frequency] and following [events].
PS-2(a) Position Risk Designation,ps-2_smt.a,ps-2,ps-2_smt.a,Assign a risk designation to all organizational positions;
PS-2(b) Position Risk Designation,ps-2_smt.b,ps-2,ps-2_smt.b,Establish screening criteria for individuals filling those positions; and
PS-2(c) Position Risk Designation,ps-2_smt.c,ps-2,ps-2_smt.c,Review and update position risk designations [frequency].
PS-3(a) Personnel Screening,ps-3_smt.a,ps-3,ps-3_smt.a,Screen individuals prior to authorizing access to the system; and
PS-3(b) Personnel Screening,ps-3_smt.b,ps-3,ps-3_smt.b,"Rescreen individuals in accordance with [organization-defined conditions requiring rescreening and, where rescreening is so indicated, the frequency of rescreening]."
PS-4(a) Personnel Termination,ps-4_smt.a,ps-4,ps-4_smt.a,Disable system access within [time period];
PS-4(b) Personnel Termination,ps-4_smt.b,ps-4,ps-4_smt.b,Terminate or revoke any authenticators and credentials associated with the individual;
PS-4(c) Personnel Termination,ps-4_smt.c,ps-4,ps-4_smt.c,Conduct exit interviews that include a discussion of [information security topics];
PS-4(d) Personnel Termination,ps-4_smt.d,ps-4,ps-4_smt.d,Retrieve all security-related organizational system-related property; and
PS-4(e) Personnel Termination,ps-4_smt.e,ps-4,ps-4_smt.e,Retain access to organizational information and systems formerly controlled by terminated individual.
PS-5(a) Personnel Transfer,ps-5_smt.a,ps-5,ps-5_smt.a,Review and confirm ongoing operational need for current logical and physical access authorizations to systems and facilities when individuals are reassigned or transferred to other positions within the organization;
PS-5(b) Personnel Transfer,ps-5_smt.b,ps-5,ps-5_smt.b,Initiate [transfer or reassignment actions] within [time period following the formal transfer action];
PS-5(c) Personnel Transfer,ps-5_smt.c,ps-5,ps-5_smt.c,Modify access authorization as needed to correspond with any changes in operational need due to reassignment or transfer; and
PS-5(d) Personnel Transfer,ps-5_smt.d,ps-5,ps-5_smt.d,Notify [personnel or roles] within [time period].
PS-6(a) Access Agreements,ps-6_smt.a,ps-6,ps-6_smt.a,Develop and document access agreements for organizational systems;
PS-6(b) Access Agreements,ps-6_smt.b,ps-6,ps-6_smt.b,Review and update the access agreements [frequency] ; and
PS-6(c) Access Agreements,ps-6_smt.c,ps-6,ps-6_smt.c,Verify that individuals requiring access to organizational information and systems: 1. Sign appropriate access agreements prior to being granted access; and 2. Re-sign access agreements to maintain access to organizational systems when access agreements have been updated or [frequency].
PS-7(a) External Personnel Security,ps-7_smt.a,ps-7,ps-7_smt.a,"Establish personnel security requirements, including security roles and responsibilities for external providers;"
PS-7(b) External Personnel Security,ps-7_smt.b,ps-7,ps-7_smt.b,Require external providers to comply with personnel security policies and procedures established by the organization;
PS-7(c) External Personnel Security,ps-7_smt.c,ps-7,ps-7_smt.c,Document personnel security requirements;
PS-7(d) External Personnel Security,ps-7_smt.d,ps-7,ps-7_smt.d,"Require external providers to notify [personnel or roles] of any personnel transfers or terminations of external personnel who possess organizational credentials and/or badges, or who have system privileges within [time period] ; and"
PS-7(e) External Personnel Security,ps-7_smt.e,ps-7,ps-7_smt.e,Monitor provider compliance with personnel security requirements.
PS-8(a) Personnel Sanctions,ps-8_smt.a,ps-8,ps-8_smt.a,Employ a formal sanctions process for individuals failing to comply with established information security and privacy policies and procedures; and
PS-8(b) Personnel Sanctions,ps-8_smt.b,ps-8,ps-8_smt.b,"Notify [personnel or roles] within [time period] when a formal employee sanctions process is initiated, identifying the individual sanctioned and the reason for the sanction."
PS-9 Position Descriptions,ps-9,ps-9,,Incorporate security and privacy roles and responsibilities into organizational position descriptions.
RA-1(a) Policy and Procedures,ra-1_smt.a,ra-1,ra-1_smt.a,"Develop, document, and disseminate to [organization-defined personnel or roles]: 1. [organization-level | mission/business process-level | system-level] risk assessment policy that: (a) Addresses purpose, scope, roles, responsibilities, management commitment, coordination among organizational entities, and compliance; and (b) Is consistent with applicable laws, executive orders, directives, regulations, policies, standards, and guidelines; and 2. Procedures to facilitate the implementation of the risk assessment policy and the associated risk assessment controls;"
RA-1(b) Policy and Procedures,ra-1_smt.b,ra-1,ra-1_smt.b,"Designate an [official] to manage the development, documentation, and dissemination of the risk assessment policy and procedures; and"
RA-1(c) Policy and Procedures,ra-1_smt.c,ra-1,ra-1_smt.c,Review and update the current risk assessment: 1. Policy [frequency] and following [events] ; and 2. Procedures [frequency] and following [events].
RA-2(a) Security Categorization,ra-2_smt.a,ra-2,ra-2_smt.a,"Categorize the system and information it processes, stores, and transmits;"
RA-2(b) Security Categorization,ra-2_smt.b,ra-2,ra-2_smt.b,"Document the security categorization results, including supporting rationale, in the security plan for the system; and"
RA-2(c) Security Categorization,ra-2_smt.c,ra-2,ra-2_smt.c,Verify that the authorizing official or authorizing official designated representative reviews and approves the security categorization decision.
RA-3(a) Risk Assessment,ra-3_smt.a,ra-3,ra-3_smt.a,"Conduct a risk assessment, including: 1. Identifying threats to and vulnerabilities in the system; 2. Determining the likelihood and magnitude of harm from unauthorized access, use, disclosure, disruption, modification, or destruction of the system, the information it processes, stores, or transmits, and any related information; and 3. Determining the likelihood and impact of adverse effects on individuals arising from the processing of personally identifiable information;"
RA-3(b) Risk Assessment,ra-3_smt.b,ra-3,ra-3_smt.b,Integrate risk assessment results and risk management decisions from the organization and mission or business process perspectives with system-level risk assessments;
RA-3(c) Risk Assessment,ra-3_smt.c,ra-3,ra-3_smt.c,Document risk assessment results in [security and privacy plans | risk assessment report | ];
RA-3(d) Risk Assessment,ra-3_smt.d,ra-3,ra-3_smt.d,Review risk assessment results [frequency];
RA-3(e) Risk Assessment,ra-3_smt.e,ra-3,ra-3_smt.e,Disseminate risk assessment results to [personnel or roles] ; and
RA-3(f) Risk Assessment,ra-3_smt.f,ra-3,ra-3_smt.f,"Update the risk assessment [frequency] or when there are significant changes to the system, its environment of operation, or other conditions that may impact the security or privacy state of the system."
RA-3.1(a) Supply Chain Risk Assessment,ra-3.1_smt.a,ra-3.1,ra-3.1_smt.a,"Assess supply chain risks associated with [systems, system components, and system services] ; and"
RA-3.1(b) Supply Chain Risk Assessment,ra-3.1_smt.b,ra-3.1,ra-3.1_smt.b,"Update the supply chain risk assessment [frequency] , when there are significant changes to the relevant supply chain, or when changes to the system, environments of operation, or other conditions may necessitate a change in the supply chain."
RA-5(a) Vulnerability Monitoring and Scanning,ra-5_smt.a,ra-5,ra-5_smt.a,Monitor and scan for vulnerabilities in the system and hosted applications [organization-defined frequency and/or randomly in accordance with organization-defined process] and when new vulnerabilities potentially affecting the system are identified and reported;
RA-5(b) Vulnerability Monitoring and Scanning,ra-5_smt.b,ra-5,ra-5_smt.b,"Employ vulnerability monitoring tools and techniques that facilitate interoperability among tools and automate parts of the vulnerability management process by using standards for: 1. Enumerating platforms, software flaws, and improper configurations; 2. Formatting checklists and test procedures; and 3. Measuring vulnerability impact;"
RA-5(c) Vulnerability Monitoring and Scanning,ra-5_smt.c,ra-5,ra-5_smt.c,Analyze vulnerability scan reports and results from vulnerability monitoring;
RA-5(d) Vulnerability Monitoring and Scanning,ra-5_smt.d,ra-5,ra-5_smt.d,Remediate legitimate vulnerabilities [response times] in accordance with an organizational assessment of risk;
RA-5(e) Vulnerability Monitoring and Scanning,ra-5_smt.e,ra-5,ra-5_smt.e,Share information obtained from the vulnerability monitoring process and control assessments with [personnel or roles] to help eliminate similar vulnerabilities in other systems; and
RA-5(f) Vulnerability Monitoring and Scanning,ra-5_smt.f,ra-5,ra-5_smt.f,Employ vulnerability monitoring tools that include the capability to readily update the vulnerabilities to be scanned.
RA-5.2 Update Vulnerabilities to Be Scanned,ra-5.2,ra-5.2,,Update the system vulnerabilities to be scanned [ | prior to a new scan | when new vulnerabilities are identified and reported].
RA-5.11 Public Disclosure Program,ra-5.11,ra-5.11,,Establish a public reporting channel for receiving reports of vulnerabilities in organizational systems and system components.
RA-7 Risk Response,ra-7,ra-7,,"Respond to findings from security and privacy assessments, monitoring, and audits in accordance with organizational risk tolerance."
SA-1(a) Policy and Procedures,sa-1_smt.a,sa-1,sa-1_smt.a,"Develop, document, and disseminate to [organization-defined personnel or roles]: 1. [organization-level | mission/business process-level | system-level] system and services acquisition policy that: (a) Addresses purpose, scope, roles, responsibilities, management commitment, coordination among organizational entities, and compliance; and (b) Is consistent with applicable laws, executive orders, directives, regulations, policies, standards, and guidelines; and 2. Procedures to facilitate the implementation of the system and services acquisition policy and the associated system and services acquisition controls;"
SA-1(b) Policy and Procedures,sa-1_smt.b,sa-1,sa-1_smt.b,"Designate an [official] to manage the development, documentation, and dissemination of the system and services acquisition policy and procedures; and"
SA-1(c) Policy and Procedures,sa-1_smt.c,sa-1,sa-1_smt.c,Review and update the current system and services acquisition: 1. Policy [frequency] and following [events] ; and 2. Procedures [frequency] and following [events].
SA-2(a) Allocation of Resources,sa-2_smt.a,sa-2,sa-2_smt.a,Determine the high-level information security and privacy requirements for the system or system service in mission and business process planning;
SA-2(b) Allocation of Resources,sa-2_smt.b,sa-2,sa-2_smt.b,"Determine, document, and allocate the resources required to protect the system or system service as part of the organizational capital planning and investment control process; and"
SA-2(c) Allocation of Resources,sa-2_smt.c,sa-2,sa-2_smt.c,Establish a discrete line item for information security and privacy in organizational programming and budgeting documentation.
SA-3(a) System Development Life Cycle,sa-3_smt.a,sa-3,sa-3_smt.a,"Acquire, develop, and manage the system using [system-development life cycle] that incorporates information security and privacy considerations;"
SA-3(b) System Development Life Cycle,sa-3_smt.b,sa-3,sa-3_smt.b,Define and document information security and privacy roles and responsibilities throughout the system development life cycle;
SA-3(c) System Development Life Cycle,sa-3_smt.c,sa-3,sa-3_smt.c,Identify individuals having information security and privacy roles and responsibilities; and
SA-3(d) System Development Life Cycle,sa-3_smt.d,sa-3,sa-3_smt.d,Integrate the organizational information security and privacy risk management process into system development life cycle activities.
SA-4(a) Acquisition Process,sa-4_smt.a,sa-4,sa-4_smt.a,Security and privacy functional requirements;
SA-4(b) Acquisition Process,sa-4_smt.b,sa-4,sa-4_smt.b,Strength of mechanism requirements;
SA-4(c) Acquisition Process,sa-4_smt.c,sa-4,sa-4_smt.c,Security and privacy assurance requirements;
SA-4(d) Acquisition Process,sa-4_smt.d,sa-4,sa-4_smt.d,Controls needed to satisfy the security and privacy requirements.
SA-4(e) Acquisition Process,sa-4_smt.e,sa-4,sa-4_smt.e,Security and privacy documentation requirements;
SA-4(f) Acquisition Process,sa-4_smt.f,sa-4,sa-4_smt.f,Requirements for protecting security and privacy documentation;
SA-4(g) Acquisition Process,sa-4_smt.g,sa-4,sa-4_smt.g,Description of the system development environment and environment in which the system is intended to operate;
SA-4(h) Acquisition Process,sa-4_smt.h,sa-4,sa-4_smt.h,"Allocation of responsibility or identification of parties responsible for information security, privacy, and supply chain risk management; and"
SA-4(i) Acquisition Process,sa-4_smt.i,sa-4,sa-4_smt.i,Acceptance criteria.
SA-4.10 Use of Approved PIV Products,sa-4.10,sa-4.10,,Employ only information technology products on the FIPS 201-approved products list for Personal Identity Verification (PIV) capability implemented within organizational systems.
SA-5(a) System Documentation,sa-5_smt.a,sa-5,sa-5_smt.a,"Obtain or develop administrator documentation for the system, system component, or system service that describes: 1. Secure configuration, installation, and operation of the system, component, or service; 2. Effective use and maintenance of security and privacy functions and mechanisms; and 3. Known vulnerabilities regarding configuration and use of administrative or privileged functions;"
SA-5(b) System Documentation,sa-5_smt.b,sa-5,sa-5_smt.b,"Obtain or develop user documentation for the system, system component, or system service that describes: 1. User-accessible security and privacy functions and mechanisms and how to effectively use those functions and mechanisms; 2. Methods for user interaction, which enables individuals to use the system, component, or service in a more secure manner and protect individual privacy; and 3. User responsibilities in maintaining the security of the system, component, or service and privacy of individuals;"
SA-5(c) System Documentation,sa-5_smt.c,sa-5,sa-5_smt.c,"Document attempts to obtain system, system component, or system service documentation when such documentation is either unavailable or nonexistent and take [actions] in response; and"
SA-5(d) System Documentation,sa-5_smt.d,sa-5,sa-5_smt.d,Distribute documentation to [personnel or roles].
SA-8 Security and Privacy Engineering Principles,sa-8,sa-8,,"Apply the following systems security and privacy engineering principles in the specification, design, development, implementation, and modification of the system and system components: [organization-defined systems security and privacy engineering principles]."
SA-9(a) External System Services,sa-9_smt.a,sa-9,sa-9_smt.a,Require that providers of external system services comply with organizational security and privacy requirements and employ the following controls: [controls];
SA-9(b) External System Services,sa-9_smt.b,sa-9,sa-9_smt.b,Define and document organizational oversight and user roles and responsibilities with regard to external system services; and
SA-9(c) External System Services,sa-9_smt.c,sa-9,sa-9_smt.c,"Employ the following processes, methods, and techniques to monitor control compliance by external service providers on an ongoing basis: [processes, methods, and techniques]."
SA-22(a) Unsupported System Components,sa-22_smt.a,sa-22,sa-22_smt.a,"Replace system components when support for the components is no longer available from the developer, vendor, or manufacturer; or"
SA-22(b) Unsupported System Components,sa-22_smt.b,sa-22,sa-22_smt.b,Provide the following options for alternative sources for continued support for unsupported components [in-house support | ].
SC-1(a) Policy and Procedures,sc-1_smt.a,sc-1,sc-1_smt.a,"Develop, document, and disseminate to [organization-defined personnel or roles]: 1. [organization-level | mission/business-process-level | system-level] system and communications protection policy that: (a) Addresses purpose, scope, roles, responsibilities, management commitment, coordination among organizational entities, and compliance; and (b) Is consistent with applicable laws, executive orders, directives, regulations, policies, standards, and guidelines; and 2. Procedures to facilitate the implementation of the system and communications protection policy and the associated system and communications protection controls;"
SC-1(b) Policy and Procedures,sc-1_smt.b,sc-1,sc-1_smt.b,"Designate an [official] to manage the development, documentation, and dissemination of the system and communications protection policy and procedures; and"
SC-1(c) Policy and Procedures,sc-1_smt.c,sc-1,sc-1_smt.c,Review and update the current system and communications protection: 1. Policy [frequency] and following [events] ; and 2. Procedures [frequency] and following [events].
SC-5(a) Denial-of-service Protection,sc-5_smt.a,sc-5,sc-5_smt.a,[protect against | limit] the effects of the following types of denial-of-service events: [types of denial-of-service events] ; and
SC-5(b) Denial-of-service Protection,sc-5_smt.b,sc-5,sc-5_smt.b,Employ the following controls to achieve the denial-of-service objective: [controls by type of denial-of-service event].
SC-7(a) Boundary Protection,sc-7_smt.a,sc-7,sc-7_smt.a,Monitor and control communications at the external managed interfaces to the system and at key internal managed interfaces within the system;
SC-7(b) Boundary Protection,sc-7_smt.b,sc-7,sc-7_smt.b,Implement subnetworks for publicly accessible system components that are [physically | logically] separated from internal organizational networks; and
SC-7(c) Boundary Protection,sc-7_smt.c,sc-7,sc-7_smt.c,Connect to external networks or systems only through managed interfaces consisting of boundary protection devices arranged in accordance with an organizational security and privacy architecture.
SC-8 Transmission Confidentiality and Integrity,sc-8,sc-8,,Protect the [confidentiality | integrity] of transmitted information.
SC-8.1 Cryptographic Protection,sc-8.1,sc-8.1,,Implement cryptographic mechanisms to [prevent unauthorized disclosure of information | detect changes to information] during transmission. Requirement: Please ensure SSP Section 10.3 Cryptographic Modules Implemented for Data At Rest (DAR) and Data In Transit (DIT) is fully populated for reference in this control.
SC-12 Cryptographic Key Establishment and Management,sc-12,sc-12,,Establish and manage cryptographic keys when cryptography is employed within the system in accordance with the following key management requirements: [requirements].
SC-13(a) Cryptographic Protection,sc-13_smt.a,sc-13,sc-13_smt.a,Determine the [cryptographic uses] ; and
SC-13(b) Cryptographic Protection,sc-13_smt.b,sc-13,sc-13_smt.b,Implement the following types of cryptography required for each specified cryptographic use: [types of cryptography].
SC-15(a) Collaborative Computing Devices and Applications,sc-15_smt.a,sc-15,sc-15_smt.a,Prohibit remote activation of collaborative computing devices and applications with the following exceptions: [exceptions where remote activation is to be allowed] ; and
SC-15(b) Collaborative Computing Devices and Applications,sc-15_smt.b,sc-15,sc-15_smt.b,Provide an explicit indication of use to users physically present at the devices.
SC-20(a) Secure Name/Address Resolution Service (Authoritative Source),sc-20_smt.a,sc-20,sc-20_smt.a,Provide additional data origin authentication and integrity verification artifacts along with the authoritative name resolution data the system returns in response to external name/address resolution queries; and
SC-20(b) Secure Name/Address Resolution Service (Authoritative Source),sc-20_smt.b,sc-20,sc-20_smt.b,"Provide the means to indicate the security status of child zones and (if the child supports secure resolution services) to enable verification of a chain of trust among parent and child domains, when operating as part of a distributed, hierarchical namespace."
SC-21 Secure Name/Address Resolution Service (Recursive or Caching Resolver),sc-21,sc-21,,"Request and perform data origin authentication and data integrity verification on the name/address resolution responses the system receives from authoritative sources. Requirement: Control description should include how DNSSEC is implemented on recursive DNS servers to make DNSSEC requests when resolving DNS requests from internal components to domains external to the CSO boundary. Requirement: Internal recursive DNS servers must be located inside an authorized environment. It is typically within the boundary, or leveraged from an underlying IaaS/PaaS."
SC-22 Architecture and Provisioning for Name/Address Resolution Service,sc-22,sc-22,,Ensure the systems that collectively provide name/address resolution service for an organization are fault-tolerant and implement internal and external role separation.
SC-28 Protection of Information at Rest,sc-28,sc-28,,Protect the [confidentiality | integrity] of the following information at rest: [information at rest].
SC-28.1 Cryptographic Protection,sc-28.1,sc-28.1,,Implement cryptographic mechanisms to prevent unauthorized disclosure and modification of the following information at rest on [system components or media]: [information].
SC-39 Process Isolation,sc-39,sc-39,,Maintain a separate execution domain for each executing system process.
SI-1(a) Policy and Procedures,si-1_smt.a,si-1,si-1_smt.a,"Develop, document, and disseminate to [organization-defined personnel or roles]: 1. [organization-level | mission/business process-level | system-level] system and information integrity policy that: (a) Addresses purpose, scope, roles, responsibilities, management commitment, coordination among organizational entities, and compliance; and (b) Is consistent with applicable laws, executive orders, directives, regulations, policies, standards, and guidelines; and 2. Procedures to facilitate the implementation of the system and information integrity policy and the associated system and information integrity controls;"
SI-1(b) Policy and Procedures,si-1_smt.b,si-1,si-1_smt.b,"Designate an [official] to manage the development, documentation, and dissemination of the system and information integrity policy and procedures; and"
SI-1(c) Policy and Procedures,si-1_smt.c,si-1,si-1_smt.c,Review and update the current system and information integrity: 1. Policy [frequency] and following [events] ; and 2. Procedures [frequency] and following [events].
SI-2(a) Flaw Remediation,si-2_smt.a,si-2,si-2_smt.a,"Identify, report, and correct system flaws;"
SI-2(b) Flaw Remediation,si-2_smt.b,si-2,si-2_smt.b,Test software and firmware updates related to flaw remediation for effectiveness and potential side effects before installation;
SI-2(c) Flaw Remediation,si-2_smt.c,si-2,si-2_smt.c,Install security-relevant software and firmware updates within [time period] of the release of the updates; and
SI-2(d) Flaw Remediation,si-2_smt.d,si-2,si-2_smt.d,Incorporate flaw remediation into the organizational configuration management process.
SI-3(a) Malicious Code Protection,si-3_smt.a,si-3,si-3_smt.a,Implement [signature-based | non-signature-based] malicious code protection mechanisms at system entry and exit points to detect and eradicate malicious code;
SI-3(b) Malicious Code Protection,si-3_smt.b,si-3,si-3_smt.b,Automatically update malicious code protection mechanisms as new releases are available in accordance with organizational configuration management policy and procedures;
SI-3(c) Malicious Code Protection,si-3_smt.c,si-3,si-3_smt.c,"Configure malicious code protection mechanisms to: 1. Perform periodic scans of the system [frequency] and real-time scans of files from external sources at [endpoint | network entry and exit points] as the files are downloaded, opened, or executed in accordance with organizational policy; and 2. [block malicious code | quarantine malicious code | take ] ; and send alert to [personnel or roles] in response to malicious code detection; and"
SI-3(d) Malicious Code Protection,si-3_smt.d,si-3,si-3_smt.d,Address the receipt of false positives during malicious code detection and eradication and the resulting potential impact on the availability of the system.
SI-4(a) System Monitoring,si-4_smt.a,si-4,si-4_smt.a,"Monitor the system to detect: 1. Attacks and indicators of potential attacks in accordance with the following monitoring objectives: [monitoring objectives] ; and 2. Unauthorized local, network, and remote connections;"
SI-4(b) System Monitoring,si-4_smt.b,si-4,si-4_smt.b,Identify unauthorized use of the system through the following techniques and methods: [techniques and methods];
SI-4(c) System Monitoring,si-4_smt.c,si-4,si-4_smt.c,Invoke internal monitoring capabilities or deploy monitoring devices: 1. Strategically within the system to collect organization-determined essential information; and 2. At ad hoc locations within the system to track specific types of transactions of interest to the organization;
SI-4(d) System Monitoring,si-4_smt.d,si-4,si-4_smt.d,Analyze detected events and anomalies;
SI-4(e) System Monitoring,si-4_smt.e,si-4,si-4_smt.e,"Adjust the level of system monitoring activity when there is a change in risk to organizational operations and assets, individuals, other organizations, or the Nation;"
SI-4(f) System Monitoring,si-4_smt.f,si-4,si-4_smt.f,Obtain legal opinion regarding system monitoring activities; and
SI-4(g) System Monitoring,si-4_smt.g,si-4,si-4_smt.g,Provide [system monitoring information] to [personnel or roles] [as needed | ].
"SI-5(a) Security Alerts, Advisories, and Directives",si-5_smt.a,si-5,si-5_smt.a,"Receive system security alerts, advisories, and directives from [external organizations] on an ongoing basis;"
"SI-5(b) Security Alerts, Advisories, and Directives",si-5_smt.b,si-5,si-5_smt.b,"Generate internal security alerts, advisories, and directives as deemed necessary;"
"SI-5(c) Security Alerts, Advisories, and Directives",si-5_smt.c,si-5,si-5_smt.c,"Disseminate security alerts, advisories, and directives to: [ | | ] ; and"
"SI-5(d) Security Alerts, Advisories, and Directives",si-5_smt.d,si-5,si-5_smt.d,"Implement security directives in accordance with established time frames, or notify the issuing organization of the degree of noncompliance."
SI-12 Information Management and Retention,si-12,si-12,,"Manage and retain information within the system and information output from the system in accordance with applicable laws, executive orders, directives, regulations, policies, standards, guidelines and operational requirements."
SR-1(a) Policy and Procedures,sr-1_smt.a,sr-1,sr-1_smt.a,"Develop, document, and disseminate to [organization-defined personnel or roles]: 1. [organization-level | mission/business process-level | system-level] supply chain risk management policy that: (a) Addresses purpose, scope, roles, responsibilities, management commitment, coordination among organizational entities, and compliance; and (b) Is consistent with applicable laws, executive orders, directives, regulations, policies, standards, and guidelines; and 2. Procedures to facilitate the implementation of the supply chain risk management policy and the associated supply chain risk management controls;"
SR-1(b) Policy and Procedures,sr-1_smt.b,sr-1,sr-1_smt.b,"Designate an [official] to manage the development, documentation, and dissemination of the supply chain risk management policy and procedures; and"
SR-1(c) Policy and Procedures,sr-1_smt.c,sr-1,sr-1_smt.c,Review and update the current supply chain risk management: 1. Policy [frequency] and following [events] ; and 2. Procedures [frequency] and following [events].
SR-2(a) Supply Chain Risk Management Plan,sr-2_smt.a,sr-2,sr-2_smt.a,"Develop a plan for managing supply chain risks associated with the research and development, design, manufacturing, acquisition, delivery, integration, operations and maintenance, and disposal of the following systems, system components or system services: [systems, system components, or system services];"
SR-2(b) Supply Chain Risk Management Plan,sr-2_smt.b,sr-2,sr-2_smt.b,"Review and update the supply chain risk management plan [frequency] or as required, to address threat, organizational or environmental changes; and"
SR-2(c) Supply Chain Risk Management Plan,sr-2_smt.c,sr-2,sr-2_smt.c,Protect the supply chain risk management plan from unauthorized disclosure and modification.
SR-2.1 Establish SCRM Team,sr-2.1,sr-2.1,,"Establish a supply chain risk management team consisting of [personnel, roles and responsibilities] to lead and support the following SCRM activities: [supply chain risk management activities]."
SR-3(a) Supply Chain Controls and Processes,sr-3_smt.a,sr-3,sr-3_smt.a,Establish a process or processes to identify and address weaknesses or deficiencies in the supply chain elements and processes of [system or system component] in coordination with [supply chain personnel];
SR-3(b) Supply Chain Controls and Processes,sr-3_smt.b,sr-3,sr-3_smt.b,"Employ the following controls to protect against supply chain risks to the system, system component, or system service and to limit the harm or consequences from supply chain-related events: [supply chain controls] ; and"
SR-3(c) Supply Chain Controls and Processes,sr-3_smt.c,sr-3,sr-3_smt.c,Document the selected and implemented supply chain processes and controls in [security and privacy plans | supply chain risk management plan | ].
"SR-5 Acquisition Strategies, Tools, and Methods",sr-5,sr-5,,"Employ the following acquisition strategies, contract tools, and procurement methods to protect against, identify, and mitigate supply chain risks: [strategies, tools, and methods]."
SR-8 Notification Agreements,sr-8,sr-8,,"Establish agreements and procedures with entities involved in the supply chain for the system, system component, or system service for the [notification of supply chain compromises | ]. Requirement: CSOs must ensure and document how they receive notifications from their supply chain vendor of newly discovered vulnerabilities including zero-day vulnerabilities."
SR-10 Inspection of Systems or Components,sr-10,sr-10,,Inspect the following systems or system components [at random | at | upon ] to detect tampering: [systems or system components].
SR-11(a) Component Authenticity,sr-11_smt.a,sr-11,sr-11_smt.a,Develop and implement anti-counterfeit policy and procedures that include the means to detect and prevent counterfeit components from entering the system; and
SR-11(b) Component Authenticity,sr-11_smt.b,sr-11,sr-11_smt.b,Report counterfeit system components to [source of counterfeit component | | ].
SR-11.1 Anti-counterfeit Training,sr-11.1,sr-11.1,,"Train [personnel or roles] to detect counterfeit system components (including hardware, software, and firmware)."
SR-11.2 Configuration Control for Component Service and Repair,sr-11.2,sr-11.2,,Maintain configuration control over the following system components awaiting service or repair and serviced or repaired components awaiting return to service: [system components].
SR-12 Component Disposal,sr-12,sr-12,,"Dispose of [data, documentation, tools, or system components] using the following techniques and methods: [techniques and methods]."
